﻿{"cameraMode":{"drawMode":0,"name":"Shaded","section":"Shading Mode"},"sceneLighting":true,"audioPlay":false,"sceneViewState":{"showFog":true,"showMaterialUpdate":false,"showSkybox":true,"showFlares":true,"showImageEffects":true,"showParticleSystems":true},"in2DMode":false,"pivot":{"x":1.609421730041504,"y":1.373931884765625,"z":0.09898662567138672},"rotation":{"x":-0.08412383496761322,"y":0.9094547629356384,"z":-0.22575145959854127,"w":-0.3388981521129608},"size":29.100662231445314,"orthographic":false}